Ward Code,Ward Name,LGD Name,Multiple Deprivation Measure Score,Rank of Multiple Deprivation Measure Domain,Income Domain Score,Rank of Income Domain,Employment Domain Score,Rank of Employment Domain,Health Domain Score,Rank of Health Domain,Education Domain Score,Rank of Education Domain,Access Domain Score,Rank of Access Domain,Social Environment Domain Score,Rank of Social Environment Domain,Housing Domain Score,Rank of Housing Domain,Child Poverty Measure Score,Rank of Child Poverty Measure
101,Aldergrove,Antrim,11.17,414,5.17,560,10.09,392,0.06,259,-0.60,425,0.65,145,-0.94,501,0.32,81,8.27,544
102,Balloo,Antrim,14.89,348,18.32,417,12.82,250,-0.40,403,0.58,150,-0.28,328,0.51,147,0.20,513,36.40,299
103,Ballycraigy,Antrim,20.64,250,31.26,207,11.94,295,-0.31,385,1.08,65,-0.22,311,0.26,197,0.21,475,54.31,128
104,Clady,Antrim,5.27,514,8.42,530,6.17,535,-1.34,548,-0.85,471,0.70,131,-0.31,359,0.12,566,6.23,555
105,Cranfield,Antrim,8.63,454,20.38,385,9.39,430,-0.56,440,-0.54,411,0.36,206,-0.40,382,0.21,487,27.45,400
106,Crumlin,Antrim,12.29,398,20.23,386,9.11,439,0.20,201,-0.09,306,0.26,227,-0.19,328,0.23,412,26.57,410
107,Drumanaway,Antrim,12.07,402,19.80,393,10.28,384,-0.47,424,0.28,210,0.34,212,-0.27,349,0.25,318,31.02,369
108,Fountain Hill,Antrim,25.03,189,38.47,119,12.20,278,0.19,207,0.80,101,-0.42,373,0.64,122,0.23,397,63.67,79
109,Greystone,Antrim,8.78,450,20.55,381,7.81,475,-0.90,506,-0.10,310,-0.29,332,0.38,165,0.24,372,38.10,282
110,Massereene,Antrim,7.70,475,13.62,467,5.54,550,-0.10,315,-0.11,311,-0.64,431,0.61,126,0.20,529,25.63,416
111,New Park,Antrim,23.01,218,31.97,192,12.90,246,-0.06,306,1.12,61,-0.02,265,0.01,277,0.21,486,60.56,96
112,Randalstown,Antrim,8.27,462,18.27,419,9.14,437,-0.77,485,-0.60,422,0.23,230,0.06,262,0.25,327,21.31,446
113,Rathenraw,Antrim,39.66,69,44.57,70,15.53,128,0.75,86,1.33,44,-0.02,263,1.22,46,0.24,348,69.45,51
114,Springfarm,Antrim,19.64,261,25.35,304,10.93,354,0.62,101,0.55,157,-0.05,274,0.16,230,0.25,315,36.42,298
115,Steeple,Antrim,18.59,280,27.30,269,11.45,326,0.07,255,0.53,161,-0.59,424,0.91,77,0.29,163,47.89,182
116,Stiles,Antrim,15.79,330,26.70,277,10.60,372,-0.29,377,0.50,168,-0.30,336,1.16,50,0.16,564,42.16,233
117,Tardree,Antrim,6.51,494,10.72,504,6.92,510,-1.28,546,-1.05,501,0.82,106,-0.57,424,0.25,332,12.13,516
118,Templepatrick,Antrim,5.77,506,7.10,545,6.02,537,-0.99,516,-1.29,523,0.56,161,-0.54,415,0.29,156,9.70,538
119,Toome,Antrim,16.02,324,31.94,194,9.87,406,-0.48,428,-0.56,416,1.01,75,-0.45,394,0.28,201,42.11,235
201,Ballygowan,Ards,5.69,507,10.18,511,6.55,526,-0.90,505,-0.77,461,0.48,179,-0.68,445,0.26,304,14.84,496
202,Ballywalter,Ards,13.93,369,19.22,403,11.87,298,-0.43,413,0.07,261,0.59,154,0.21,218,0.25,324,27.12,402
203,Bradshaw's Brae,Ards,4.21,531,7.89,535,6.94,509,-0.79,488,-1.69,545,-0.26,321,-0.36,370,0.26,267,7.65,545
204,Central,Ards,25.22,183,25.53,297,15.12,141,0.56,112,0.52,164,-1.45,543,1.11,52,0.29,164,36.46,296
205,Comber North,Ards,12.73,390,19.21,404,7.77,476,0.15,222,0.49,173,-0.31,338,-0.12,305,0.26,290,29.92,378
206,Comber South,Ards,6.41,495,13.44,471,8.19,467,-0.47,423,-1.27,520,-0.12,285,-0.25,344,0.26,271,20.03,458
207,Comber West,Ards,4.29,529,7.72,536,5.71,545,-0.80,489,-1.30,525,-0.09,276,-0.31,358,0.26,272,7.58,548
208,Donaghadee North,Ards,5.93,504,12.81,480,6.68,524,-0.96,513,-1.32,527,0.39,198,-0.32,364,0.28,219,18.02,474
209,Donaghadee South,Ards,15.19,340,24.34,320,11.60,317,-0.26,368,0.51,167,-0.28,327,0.36,173,0.24,371,37.91,287
210,Glen,Ards,14.28,361,30.00,228,11.73,306,-0.39,401,-0.28,355,-0.44,378,0.44,155,0.24,365,54.89,123
211,Killinchy,Ards,7.94,467,8.69,525,6.42,529,-0.80,490,-0.97,488,0.84,101,-0.73,454,0.31,95,10.88,526
212,Kircubbin,Ards,14.38,360,21.34,369,9.43,425,0.08,249,0.29,208,0.71,128,-0.39,377,0.23,427,31.59,355
213,Loughries,Ards,16.04,323,24.56,315,9.97,398,0.16,220,0.56,152,-0.13,289,0.37,171,0.21,480,38.45,277
214,Millisle,Ards,11.00,418,19.28,402,9.56,418,-0.78,486,-0.04,290,0.41,188,0.43,159,0.25,335,28.35,391
215,Movilla,Ards,5.26,515,8.71,523,6.17,534,-0.44,418,-0.54,410,-0.22,313,-0.08,298,0.22,458,12.17,514
216,Portaferry,Ards,21.52,238,26.72,276,11.57,321,0.12,235,0.12,248,1.39,24,0.21,213,0.25,341,36.81,294
217,Portavogie,Ards,18.17,289,21.41,367,11.67,311,-0.33,389,0.38,195,1.13,55,0.04,270,0.29,159,24.35,424
218,Scrabo,Ards,20.78,248,27.21,270,13.79,205,0.24,190,0.46,182,-0.53,412,0.40,163,0.28,198,46.00,199
219,West Winds,Ards,42.52,61,43.22,78,17.72,65,0.62,102,1.51,32,-0.23,315,0.83,90,0.28,220,65.35,76
220,Whitespots,Ards,3.18,545,8.66,527,6.86,514,-0.82,493,-1.11,505,-0.67,446,-0.46,398,0.23,402,9.67,539
301,Abbey Park,Armagh,34.44,102,39.75,104,17.31,76,0.92,54,0.22,223,-0.39,364,-0.06,288,0.28,211,61.05,91
302,Ballymartrim,Armagh,18.78,276,29.18,238,13.26,232,-0.03,287,-0.70,442,0.68,136,0.24,202,0.29,178,42.18,232
303,Callan Bridge,Armagh,44.01,51,54.78,21,18.36,50,0.40,150,0.75,109,-0.87,488,0.35,176,0.30,146,80.11,17
304,Carrigatuke,Armagh,23.10,217,33.56,180,13.80,204,0.30,173,0.15,240,0.69,132,-0.85,488,0.24,361,41.82,237
305,Charlemont,Armagh,19.14,271,31.76,199,14.00,190,-0.21,352,-0.49,396,0.49,178,-0.48,405,0.28,188,39.35,265
306,Demesne,Armagh,7.70,476,17.66,427,11.20,339,-1.15,533,-0.96,485,-0.40,367,0.07,260,0.25,345,25.93,414
307,Derrynoose,Armagh,16.74,312,30.71,218,11.66,313,-0.33,390,-0.13,315,0.90,89,-1.11,526,0.24,363,39.40,264
308,Downs,Armagh,33.05,107,44.39,71,18.83,43,-0.05,296,0.10,253,-0.99,504,0.35,177,0.27,252,57.11,113
309,Hamiltonsbawn,Armagh,8.77,451,12.14,491,8.20,466,-1.02,519,-0.15,324,0.53,169,-1.02,512,0.31,114,16.44,489
310,Hockley,Armagh,9.96,435,15.11,456,8.81,446,-0.11,323,-0.96,487,0.40,192,-0.90,500,0.32,68,15.35,491
311,Keady,Armagh,27.35,161,39.74,105,15.52,129,0.10,241,0.72,114,-0.70,450,-0.21,333,0.21,466,60.64,95
312,Killeen,Armagh,17.31,299,25.42,300,13.49,220,-0.38,398,0.28,211,0.64,146,-0.69,446,0.24,366,34.49,326
313,Killylea,Armagh,19.19,269,29.53,236,12.50,265,-0.56,439,0.14,243,1.08,62,-0.32,360,0.26,281,38.55,276
314,Laurelvale,Armagh,6.03,502,12.31,487,8.55,454,-0.83,494,-1.24,518,0.31,216,-1.09,522,0.27,266,16.53,488
315,Loughgall,Armagh,14.69,352,21.62,365,11.24,337,-0.21,353,-0.33,365,1.04,67,-1.06,516,0.29,179,30.92,370
316,Markethill,Armagh,19.70,260,26.54,280,14.45,170,-0.06,305,0.07,262,0.53,168,-0.82,476,0.29,183,34.35,329
317,Milford,Armagh,10.95,420,23.33,341,10.59,373,-1.02,522,-0.62,430,0.39,196,-1.02,511,0.31,98,33.31,338
318,Observatory,Armagh,14.49,355,21.72,361,13.64,214,-0.33,391,-1.21,513,-0.61,428,0.79,98,0.32,76,26.79,406
319,Poyntz Pass,Armagh,15.11,342,20.67,375,12.01,289,0.17,216,-0.62,428,0.75,119,-0.71,453,0.27,238,26.28,412
320,Rich Hill,Armagh,7.34,479,12.86,478,8.56,453,-0.61,449,-0.91,476,0.13,243,-0.49,409,0.29,160,15.05,495
321,Tandragee,Armagh,11.42,411,20.08,388,10.54,377,-0.13,330,-0.44,384,0.12,247,0.38,168,0.24,351,32.55,346
322,The Mall,Armagh,18.61,279,27.38,266,13.81,202,0.22,199,0.06,263,-0.46,393,0.25,200,0.23,414,48.63,173
401,Ahoghill,Ballymena,7.11,483,12.78,481,7.10,499,-0.86,499,0.10,254,0.22,232,-0.90,497,0.20,510,16.90,484
402,Ardeevin,Ballymena,2.95,550,8.99,520,5.75,543,-0.98,515,-1.59,538,-0.14,291,-1.15,531,0.20,511,12.91,508
403,Ballee,Ballymena,40.93,64,47.70,51,17.57,71,0.48,128,1.34,42,-0.09,279,-0.07,293,0.22,437,77.03,21
404,Ballykeel,Ballymena,43.56,55,48.03,49,16.36,95,0.57,109,1.77,18,-0.12,286,0.83,89,0.20,505,70.60,45
405,Ballyloughan,Ballymena,2.83,552,7.90,534,6.08,536,-1.51,558,-1.42,532,-0.11,283,-1.12,527,0.22,459,10.30,533
406,Broughshane,Ballymena,6.54,493,14.28,462,7.51,483,-0.87,500,-0.27,353,0.28,224,-0.87,493,0.21,488,20.90,451
407,Castle Demesne,Ballymena,25.32,182,28.39,250,13.83,201,0.34,165,1.19,56,-1.12,522,0.71,109,0.27,235,46.58,193
408,Craigywarren,Ballymena,7.83,473,12.17,490,7.38,490,-1.10,528,-0.39,374,0.83,105,-0.63,437,0.23,383,16.65,486
409,Cullybackey,Ballymena,11.07,417,22.36,353,11.18,341,-0.73,476,-0.05,294,0.13,246,-0.33,365,0.22,439,37.85,288
410,Dunclug,Ballymena,26.91,163,40.54,101,12.89,247,0.04,263,0.85,93,-0.44,380,1.27,42,0.21,484,66.10,70
411,Dunminning,Ballymena,8.88,448,13.03,475,7.04,500,-0.66,458,-0.17,326,0.94,83,-1.50,563,0.22,447,16.00,490
412,Fair Green,Ballymena,34.69,100,39.22,113,14.96,143,0.44,141,1.53,31,-0.70,449,1.27,41,0.23,387,66.21,68
413,Galgorm,Ballymena,3.14,547,6.71,547,5.96,539,-1.43,552,-1.69,544,0.13,244,-1.49,562,0.24,364,8.74,542
414,Glenravel,Ballymena,12.37,395,19.86,391,6.96,508,-0.38,399,-0.71,444,1.45,19,-0.84,483,0.22,450,28.64,389
415,Glenwhirry,Ballymena,7.88,469,10.72,503,5.74,544,-1.00,518,-0.46,387,1.12,58,-0.81,475,0.20,508,12.88,509
416,Grange,Ballymena,8.51,457,15.59,451,7.03,501,-0.69,467,-0.34,366,0.89,91,-1.28,546,0.22,460,17.66,478
417,Harryville,Ballymena,19.41,265,23.44,339,13.23,235,0.09,246,0.65,135,-0.18,302,0.62,124,0.26,297,33.40,336
418,Kells,Ballymena,7.86,470,17.27,432,7.95,472,-0.92,509,-0.02,286,0.39,199,-1.04,515,0.20,512,26.78,407
419,Moat,Ballymena,31.51,122,38.08,124,16.84,92,-0.02,283,1.25,53,-0.41,371,0.61,128,0.19,543,66.59,65
420,Park,Ballymena,5.18,517,13.29,472,7.23,492,-0.76,481,-0.93,479,-0.58,423,0.23,208,0.23,398,21.09,449
421,Portglenone,Ballymena,10.98,419,22.24,355,10.88,356,-0.32,386,-0.72,446,0.56,160,-0.63,436,0.23,393,26.85,404
422,Slemish,Ballymena,10.90,422,12.10,492,6.21,531,-0.77,484,-0.66,436,1.62,10,-1.19,538,0.19,542,15.15,493
423,Summerfield,Ballymena,8.35,458,16.20,445,9.14,438,-0.06,304,-0.67,437,-0.45,385,0.27,194,0.23,392,21.57,444
501,Ballyhoe & Corkey,Ballymoney,29.18,144,35.30,155,12.75,254,-0.06,301,0.27,214,1.85,4,-1.12,528,0.33,53,49.79,165
502,Benvardin,Ballymoney,24.65,195,33.86,176,12.55,263,0.08,250,0.34,202,1.01,74,0.32,183,0.30,129,40.93,248
503,Carnany,Ballymoney,21.89,234,31.10,211,14.16,182,-0.29,380,0.68,127,-0.37,358,0.24,204,0.29,175,45.45,202
504,Clogh Mills,Ballymoney,13.95,368,22.89,347,11.33,331,-0.30,382,-0.22,338,0.73,126,-0.45,395,0.28,190,31.78,353
505,Dervock,Ballymoney,14.20,363,20.18,387,11.29,333,0.02,269,-0.19,332,0.41,189,-0.44,390,0.30,117,31.07,368
506,Dunloy,Ballymoney,17.58,294,28.23,251,10.87,358,0.09,245,-0.49,397,1.01,72,-0.96,506,0.30,136,36.53,295
507,Fairhill,Ballymoney,13.87,370,18.54,414,11.78,303,-0.03,285,0.35,201,-0.51,406,-0.76,460,0.30,125,26.63,408
508,Glebe,Ballymoney,12.03,404,14.87,457,10.31,382,0.19,211,-0.62,427,-0.67,445,0.43,157,0.32,74,13.48,505
509,Killoquin Lower,Ballymoney,22.09,230,28.10,254,12.85,248,0.16,221,0.31,206,0.67,139,-0.76,459,0.33,41,39.70,261
510,Killoquin Upper,Ballymoney,16.81,311,27.93,257,10.79,361,-0.70,469,0.12,249,0.82,108,0.02,274,0.31,112,36.13,302
511,Knockaholet,Ballymoney,15.83,328,21.46,366,9.48,422,-0.22,357,0.20,225,1.01,73,-0.65,440,0.32,83,30.53,374
512,Newhill,Ballymoney,32.92,108,37.31,133,17.95,60,-0.06,308,0.93,85,-0.78,470,0.41,162,0.32,82,53.90,135
513,Route,Ballymoney,23.42,214,24.19,324,16.73,93,0.45,139,-0.36,371,-0.78,472,0.26,198,0.32,65,35.29,313
514,Seacon,Ballymoney,16.50,320,23.74,332,13.67,213,-0.15,335,-0.18,330,0.28,223,-0.02,280,0.29,162,34.79,317
515,Stranocum,Ballymoney,23.77,208,28.21,252,12.10,285,0.16,219,0.37,197,1.27,37,-0.94,502,0.32,63,40.63,252
516,The Vow,Ballymoney,15.39,338,24.57,314,10.99,352,-0.42,408,-0.09,308,0.64,147,-0.78,465,0.33,40,33.78,334
601,Ballydown,Banbridge,9.97,434,11.67,497,8.20,465,-0.25,367,-0.56,414,0.57,159,0.69,112,0.27,262,12.78,511
602,Banbridge West,Banbridge,11.37,412,18.57,413,10.01,396,-0.27,371,0.38,194,-0.19,303,-0.57,423,0.26,301,27.14,401
603,Bannside,Banbridge,13.49,375,15.19,455,8.55,456,-0.68,466,-0.07,302,1.22,47,-1.10,525,0.33,51,21.12,447
604,Croob,Banbridge,12.00,405,18.12,420,8.77,447,-0.78,487,0.18,234,1.03,70,-1.24,542,0.26,294,28.24,395
605,Dromore North,Banbridge,12.92,382,25.15,306,9.95,400,-0.46,422,0.23,220,0.17,237,-0.18,324,0.25,323,38.88,272
606,Dromore South,Banbridge,8.52,456,14.31,461,7.56,482,-0.98,514,-0.18,331,0.41,190,-0.85,485,0.30,134,19.34,466
607,Edenderry,Banbridge,24.39,197,35.80,148,13.05,242,0.20,203,0.66,131,-0.14,292,0.35,174,0.26,280,57.24,112
608,Fort,Banbridge,13.34,377,20.50,382,11.18,343,0.08,247,-0.22,339,-0.51,409,0.68,117,0.28,199,32.29,350
609,Garran,Banbridge,16.02,325,21.67,363,9.61,416,-0.06,310,0.09,256,1.25,40,-0.99,509,0.28,217,31.19,366
610,Gilford,Banbridge,22.91,219,25.00,310,14.23,178,0.36,160,0.68,128,0.27,226,-0.26,346,0.28,222,40.34,256
611,Katesbridge,Banbridge,14.44,356,18.69,410,8.58,451,-0.42,412,0.01,277,1.12,56,-1.47,560,0.33,50,25.58,418
612,Lawrencetown,Banbridge,15.75,331,19.83,392,12.46,267,-0.07,312,0.19,228,0.43,186,-0.25,343,0.28,195,26.84,405
613,Loughbrickland,Banbridge,13.47,376,20.48,383,10.11,390,-0.32,388,0.43,189,0.57,158,-0.64,438,0.27,245,29.90,379
614,Quilly,Banbridge,7.99,466,10.51,505,6.80,518,-0.42,411,-0.26,349,0.63,150,-1.16,533,0.27,231,14.63,500
615,Seapatrick,Banbridge,8.59,455,15.86,447,7.92,473,-0.17,343,-0.36,369,-0.02,262,-0.11,304,0.25,337,21.93,440
701,Andersonstown,Belfast,31.35,124,43.13,80,14.65,160,0.70,92,0.24,217,-1.24,533,1.32,35,0.27,265,66.61,63
702,Ardoyne,Belfast,63.40,12,62.78,9,19.14,39,1.82,8,1.70,25,-1.23,532,1.26,43,0.32,69,82.61,10
703,Ballyhackamore,Belfast,9.12,444,14.84,458,9.42,427,0.02,270,-1.13,508,-1.23,531,0.25,199,0.32,88,17.96,475
704,Ballymacarrett,Belfast,72.35,5,60.12,12,24.44,4,2.19,4,1.68,26,-1.72,558,1.75,8,0.30,147,82.00,12
705,Ballynafeigh,Belfast,20.20,256,26.40,284,11.12,347,0.63,98,0.52,165,-1.57,552,0.82,93,0.29,165,54.46,125
706,Ballysillan,Belfast,37.77,82,36.47,142,15.78,121,1.06,46,1.06,68,-0.90,494,0.59,130,0.37,10,57.33,111
707,Beechmount,Belfast,50.99,29,49.34,40,18.86,42,1.29,31,1.29,50,-1.56,550,1.35,26,0.30,145,66.93,61
708,Bellevue,Belfast,25.66,176,31.02,213,13.58,217,0.50,124,0.22,222,-0.45,390,1.55,17,0.31,103,49.48,168
709,Belmont,Belfast,8.85,449,19.61,396,9.61,415,-0.20,349,-0.75,453,-0.23,314,-0.05,287,0.24,359,33.88,331
710,Blackstaff,Belfast,50.16,32,39.10,114,17.63,68,1.55,19,2.06,7,-1.32,537,0.38,167,0.37,8,67.01,60
711,Bloomfield,Belfast,29.26,143,31.55,203,14.73,154,0.78,79,0.94,82,-1.30,536,0.84,88,0.27,250,51.15,157
712,Botanic,Belfast,37.87,81,35.35,154,18.02,56,0.91,56,0.44,188,-1.88,563,1.32,34,0.35,25,62.38,84
713,Castleview,Belfast,20.51,254,26.04,290,13.42,224,0.35,163,0.36,200,-0.49,400,0.90,81,0.26,282,38.04,283
714,Cavehill,Belfast,6.40,496,10.43,506,8.41,461,-0.34,394,-1.77,550,-0.40,366,0.21,215,0.28,204,13.35,506
715,Cherryvalley,Belfast,5.83,505,13.07,474,7.46,486,-0.49,430,-1.37,530,-0.87,489,-0.40,381,0.31,96,16.85,485
716,Chichester Park,Belfast,24.66,193,30.93,215,14.83,147,0.71,89,-0.50,400,-1.54,549,1.11,53,0.30,142,42.74,230
717,Cliftonville,Belfast,30.50,134,34.73,162,14.61,164,1.20,35,0.06,265,-1.11,520,1.06,62,0.32,79,49.16,170
718,Clonard,Belfast,57.19,20,57.21,18,20.59,28,1.17,40,1.33,46,-1.75,560,1.34,29,0.33,48,80.72,14
719,Crumlin,Belfast,78.07,1,57.12,19,27.71,2,2.42,1,2.53,2,-1.91,564,1.67,13,0.32,64,77.42,20
720,Duncairn,Belfast,57.23,19,47.28,56,21.62,16,1.67,16,1.91,14,-0.62,429,0.30,185,0.28,187,73.73,33
721,Falls,Belfast,75.65,2,66.45,2,23.18,11,2.18,5,2.06,8,-1.71,555,1.44,20,0.29,152,88.35,4
722,Falls Park,Belfast,34.73,99,40.60,100,15.85,117,1.04,47,0.46,181,-1.13,523,1.29,37,0.27,230,57.40,110
723,Finaghy,Belfast,6.95,485,13.89,466,8.63,449,-0.18,346,-1.75,549,-0.96,499,0.52,144,0.27,257,16.99,483
724,Fortwilliam,Belfast,17.56,295,24.11,325,12.69,256,0.53,117,-0.71,443,-0.95,497,0.86,85,0.29,169,31.52,359
725,Glen Road,Belfast,39.12,71,46.74,58,17.20,82,0.93,50,0.66,130,-0.79,473,0.97,68,0.20,525,66.11,69
726,Glencairn,Belfast,49.48,35,43.13,81,19.52,36,1.46,22,1.57,29,-0.50,402,0.75,104,0.27,224,64.31,77
727,Glencolin,Belfast,44.72,48,49.48,39,17.30,78,1.19,38,0.89,89,-0.49,401,1.33,31,0.21,483,65.49,75
728,Highfield,Belfast,38.54,76,34.30,168,17.67,67,1.18,39,1.38,40,-0.77,467,0.60,129,0.23,416,54.79,124
729,Island,Belfast,47.61,37,42.01,89,18.18,53,1.66,17,1.79,17,-1.19,529,-0.08,297,0.29,177,67.20,58
730,Knock,Belfast,8.08,465,15.23,454,10.02,395,-0.42,410,-0.20,335,-0.75,464,-0.37,372,0.27,246,23.97,426
731,Ladybrook,Belfast,26.11,171,36.25,144,14.68,158,0.52,119,0.18,233,-1.09,516,1.04,63,0.23,424,52.77,147
732,Legoniel,Belfast,37.43,86,35.89,147,16.06,106,0.90,59,1.19,57,-0.69,448,1.09,59,0.32,67,54.26,129
733,Malone,Belfast,6.24,500,14.57,460,6.98,504,-0.68,464,-2.00,557,-0.64,433,0.51,146,0.29,149,20.25,454
734,New Lodge,Belfast,67.73,8,63.85,7,21.28,19,2.21,3,1.71,23,-1.76,561,1.25,45,0.27,234,83.82,5
735,Orangefield,Belfast,9.71,438,12.45,485,8.46,460,-0.23,364,0.02,275,-0.89,492,0.07,258,0.32,61,14.76,497
736,Ravenhill,Belfast,12.35,397,18.08,422,9.70,410,0.12,233,-1.36,528,-1.17,525,0.86,86,0.35,26,26.95,403
737,Rosetta,Belfast,8.12,463,16.29,444,9.51,420,0.03,267,-1.39,531,-0.91,496,0.13,237,0.27,242,20.24,455
738,Shaftesbury,Belfast,62.95,14,53.49,25,21.12,23,1.96,6,1.90,15,-1.56,551,1.30,36,0.30,143,80.22,16
739,Shankill,Belfast,64.52,10,49.57,38,23.78,7,1.69,15,2.02,9,-1.72,557,1.03,64,0.31,99,74.24,28
740,St. Annes,Belfast,74.20,4,59.42,14,24.56,3,1.89,7,2.57,1,-2.01,565,0.68,115,0.30,131,80.41,15
741,Stormont,Belfast,2.49,556,6.66,549,5.16,556,-1.44,554,-2.25,562,-0.22,312,-1.13,529,0.25,317,5.25,560
742,Stranmillis,Belfast,2.84,551,5.11,561,4.24,563,-1.65,562,-2.55,565,-0.66,441,-0.14,313,0.29,155,6.20,557
743,Sydenham,Belfast,24.92,191,26.98,274,12.15,280,0.91,55,0.84,96,-0.55,417,0.01,276,0.30,130,44.30,211
744,The Mount,Belfast,66.22,9,47.62,53,21.72,15,1.72,12,2.30,3,-2.03,566,1.96,1,0.35,28,71.76,41
745,Upper Malone,Belfast,5.04,519,12.86,479,7.12,495,-0.63,455,-1.15,511,-0.48,398,0.07,259,0.24,360,21.61,442
746,Upper Springfield,Belfast,64.26,11,63.05,8,19.64,34,1.81,9,1.86,16,-0.85,484,1.43,21,0.23,430,83.33,9
747,Water Works,Belfast,60.85,16,54.15,23,21.37,18,1.50,21,1.33,43,-1.71,556,1.80,5,0.32,84,74.14,29
748,Whiterock,Belfast,74.90,3,66.41,3,22.42,13,2.25,2,2.18,5,-0.97,502,1.10,56,0.27,254,83.79,6
749,Windsor,Belfast,14.41,358,19.43,398,12.15,281,0.23,193,-1.79,551,-1.34,538,0.91,79,0.32,66,34.52,324
750,Woodstock,Belfast,53.18,26,44.61,69,18.89,40,1.71,13,1.77,21,-1.74,559,1.33,30,0.30,126,71.92,40
751,Woodvale,Belfast,70.82,7,51.14,31,24.14,5,1.76,10,2.13,6,-1.48,545,1.43,22,0.36,19,75.03,25
801,Blackhead,Carrickfergus,13.54,374,19.76,394,11.19,340,0.01,273,-0.54,409,0.14,242,0.10,243,0.32,86,24.98,421
802,Boneybefore,Carrickfergus,3.33,542,5.66,558,6.83,516,-1.06,524,-1.29,522,-0.27,323,-0.55,418,0.24,355,6.46,554
803,Clipperstown,Carrickfergus,21.90,232,28.40,249,10.65,368,0.13,229,1.05,69,-0.16,295,0.76,103,0.29,172,49.57,167
804,Eden,Carrickfergus,6.35,498,9.06,519,6.70,523,-0.62,452,-0.24,343,0.21,233,-0.36,369,0.23,394,12.54,512
805,Gortalee,Carrickfergus,32.90,109,36.63,141,18.77,44,0.04,265,0.64,138,-0.97,501,0.65,120,0.30,119,61.61,86
806,Greenisland,Carrickfergus,11.12,416,13.98,465,8.63,450,-0.61,447,-0.41,378,-0.22,310,0.10,242,0.37,9,21.75,441
807,Killycrot,Carrickfergus,32.49,116,31.30,205,18.00,58,0.26,183,0.75,107,-0.65,438,0.99,66,0.31,113,52.73,149
808,Knockagh,Carrickfergus,5.50,510,9.36,516,7.01,502,-1.16,534,-1.71,546,-0.13,288,0.21,216,0.29,176,12.05,517
809,Love Lane,Carrickfergus,27.61,158,32.37,188,13.60,216,-0.06,303,1.11,63,-0.22,309,1.39,23,0.30,120,64.03,78
810,Milebush,Carrickfergus,12.55,392,22.59,350,8.71,448,-0.75,479,0.54,158,0.10,248,0.58,133,0.20,521,43.06,226
811,Northland,Carrickfergus,33.46,105,39.27,111,14.72,155,0.25,188,1.63,27,-0.45,388,0.94,71,0.23,415,68.61,53
812,Sunnylands,Carrickfergus,32.81,113,30.12,227,18.52,47,0.48,129,0.98,76,-0.74,462,0.68,113,0.19,541,52.02,152
813,Victoria,Carrickfergus,7.88,468,17.15,433,9.28,435,-0.23,360,-0.43,381,-0.33,347,-0.06,289,0.19,532,20.96,450
814,Whitehead,Carrickfergus,6.62,489,7.94,533,6.80,517,-1.10,527,-0.94,480,-0.13,290,0.09,248,0.32,60,10.07,534
815,Woodburn,Carrickfergus,6.62,490,8.69,526,7.77,477,-0.59,442,-0.41,377,0.37,201,-0.20,329,0.17,556,9.73,537
901,Ballyhanwood,Castlereagh,3.86,535,7.57,538,6.91,511,-1.15,532,-0.96,486,-0.29,333,0.01,275,0.21,474,11.17,523
902,Beechill,Castlereagh,10.77,424,12.08,493,9.40,429,0.69,94,-0.93,478,-0.51,408,-0.06,290,0.22,438,11.99,518
903,Carrowreagh,Castlereagh,18.58,281,24.25,322,13.16,239,0.01,274,0.83,97,-0.18,301,-0.17,323,0.19,544,40.06,259
904,Carryduff,Castlereagh,3.06,549,8.70,524,5.60,549,-1.24,542,-1.05,500,-0.26,320,-1.46,559,0.24,354,11.46,520
905,Cregagh,Castlereagh,30.21,135,34.54,164,14.84,146,0.78,78,1.29,49,-1.11,521,-0.22,336,0.21,495,61.52,87
906,Downshire,Castlereagh,7.42,478,16.63,440,9.94,401,-0.10,321,-0.28,356,-0.87,490,-1.06,518,0.19,538,32.63,345
907,Dundonald,Castlereagh,5.58,509,8.43,529,6.01,538,-0.10,318,-0.32,361,-0.43,375,-0.79,468,0.22,462,10.89,525
908,Enler,Castlereagh,31.44,123,34.53,165,14.46,169,0.83,71,1.40,37,-0.72,452,0.37,172,0.17,559,62.18,85
909,Four Winds,Castlereagh,1.18,565,6.56,550,4.80,559,-1.82,564,-1.36,529,-0.83,480,-0.66,443,0.16,563,12.41,513
910,Gilnahirk,Castlereagh,2.01,561,7.65,537,7.00,503,-1.38,550,-1.30,524,-1.00,505,-0.54,414,0.18,551,10.81,528
911,Graham's Bridge,Castlereagh,17.11,305,24.81,313,13.85,198,-0.13,331,0.56,156,-1.11,519,0.30,188,0.21,482,51.81,153
912,Hillfoot,Castlereagh,1.45,564,5.72,556,4.99,558,-1.41,551,-1.67,541,-0.50,405,-1.17,535,0.21,494,4.84,562
913,Knockbracken,Castlereagh,1.90,562,4.69,564,5.52,551,-1.50,557,-1.72,548,-0.23,316,-0.84,482,0.17,558,5.45,559
914,Lisnasharragh,Castlereagh,13.81,373,21.08,371,11.25,336,0.15,224,0.63,139,-0.86,487,-0.85,486,0.18,546,43.36,224
915,Lower Braniel,Castlereagh,9.05,445,17.10,435,10.03,394,-0.18,345,0.08,259,-1.01,508,0.05,266,0.17,554,28.98,387
916,Minnowburn,Castlereagh,23.99,205,24.94,311,14.76,151,0.19,209,1.40,39,-0.82,479,-0.19,327,0.17,557,47.56,184
917,Moneyreagh,Castlereagh,4.24,530,10.21,509,6.97,505,-1.10,526,-1.23,515,0.35,209,-1.39,554,0.20,514,13.56,504
918,Newtownbreda,Castlereagh,3.92,533,10.32,507,6.91,512,-0.73,477,-0.57,418,-1.01,507,-0.30,355,0.22,440,17.23,482
919,Tullycarnet,Castlereagh,43.74,53,44.31,72,16.19,99,0.84,68,2.30,4,-0.77,466,0.25,201,0.19,530,76.97,22
920,Upper Braniel,Castlereagh,7.27,480,12.96,476,8.03,469,-0.26,370,-0.05,295,-0.22,308,-1.02,513,0.17,553,20.63,453
921,Wynchurch,Castlereagh,3.08,548,12.05,494,6.20,533,-1.02,521,-0.58,420,-1.09,517,-0.62,435,0.20,507,18.88,470
1001,Agivey,Coleraine,13.08,380,17.95,423,9.51,421,-1.03,523,-0.94,482,0.88,95,-1.19,539,0.45,2,24.98,422
1002,Atlantic,Coleraine,15.80,329,26.70,278,10.91,355,-0.59,444,-0.48,392,0.03,256,0.91,80,0.34,34,47.23,187
1003,Ballysally,Coleraine,45.54,46,53.28,26,17.04,88,0.13,228,1.43,35,-0.20,306,1.80,6,0.26,307,74.69,27
1004,Castlerock,Coleraine,11.91,407,21.69,362,10.81,360,-0.55,438,-0.14,319,0.64,148,-0.39,379,0.24,370,35.44,309
1005,Central,Coleraine,23.49,211,27.98,256,15.39,134,0.26,182,0.36,199,-1.69,554,1.00,65,0.28,218,36.28,301
1006,Churchland,Coleraine,43.70,54,47.92,50,18.41,48,0.84,69,1.05,71,-0.78,469,0.52,145,0.27,244,72.73,36
1007,Cross Glebe,Coleraine,36.30,91,46.48,60,16.11,103,0.12,234,1.33,45,-0.50,403,0.64,123,0.25,342,69.86,48
1008,Dunluce,Coleraine,9.29,441,18.60,412,8.93,443,-0.47,425,-0.82,469,0.67,141,-0.40,383,0.27,261,31.26,363
1009,Garvagh,Coleraine,21.14,241,33.44,184,13.57,218,-0.42,407,-0.42,379,0.68,135,-0.20,330,0.34,33,49.65,166
1010,Hopefield,Coleraine,8.30,460,16.73,439,9.93,402,-0.14,333,-1.23,514,-0.08,275,-0.07,292,0.23,413,23.56,431
1011,Kilrea,Coleraine,22.38,225,34.14,169,14.73,153,-0.04,288,-0.07,303,0.30,217,-0.66,444,0.29,173,48.56,174
1012,Knockantern,Coleraine,10.69,425,21.27,370,11.03,351,-0.42,409,-0.38,373,0.31,215,-0.27,348,0.22,444,29.85,381
1013,Macosquin,Coleraine,12.06,403,24.89,312,11.18,342,-0.71,473,-0.22,337,0.53,170,-0.46,399,0.23,428,38.44,278
1014,Mount Sandel,Coleraine,6.39,497,13.10,473,8.34,463,-1.00,517,-1.71,547,-0.31,337,-0.08,295,0.31,108,17.66,479
1015,Portstewart,Coleraine,10.62,426,23.15,346,10.24,385,-0.10,317,-0.32,359,-1.10,518,0.42,160,0.24,374,45.47,201
1016,Ringsend,Coleraine,18.94,274,23.25,345,13.32,228,-0.67,463,-0.76,456,1.11,59,-1.21,541,0.39,5,30.26,376
1017,Royal Portrush,Coleraine,24.31,199,24.39,317,14.61,163,0.03,268,0.62,144,-0.66,442,1.87,4,0.30,128,38.12,281
1018,Strand,Coleraine,3.31,543,7.31,542,6.87,513,-1.23,538,-1.90,554,-0.18,300,-0.42,384,0.23,419,9.41,541
1019,The Cuts,Coleraine,10.19,429,18.92,408,9.60,417,-0.87,501,-0.12,312,-0.13,287,-0.26,347,0.31,92,28.34,392
1020,University,Coleraine,11.94,406,23.56,336,10.04,393,-0.26,369,0.05,268,-0.45,389,0.29,192,0.26,276,44.89,209
1021,Waterside,Coleraine,3.83,536,12.73,482,7.96,471,-0.96,512,-1.68,542,-0.74,461,-0.95,504,0.26,293,17.86,477
1101,Ardboe,Cookstown,41.26,63,48.15,47,18.26,51,0.19,206,0.37,198,1.16,51,-0.76,461,0.31,107,63.21,82
1102,Coagh,Cookstown,21.48,239,27.35,267,14.10,187,-0.03,286,0.39,192,0.59,153,-0.53,412,0.30,127,37.38,291
1103,Dunnamore,Cookstown,32.88,111,42.61,87,15.40,133,-0.22,359,-0.03,289,1.69,9,-0.70,449,0.31,104,59.62,99
1104,Gortalowry,Cookstown,27.04,162,41.93,91,13.89,195,0.08,252,0.00,281,-0.09,278,1.06,61,0.30,133,57.70,109
1105,Killycolpy,Cookstown,32.13,118,47.47,54,14.70,156,-0.29,381,-0.36,368,1.28,34,-0.58,425,0.33,49,63.41,80
1106,Killymoon,Cookstown,29.58,141,37.54,130,14.80,149,0.37,158,0.49,174,0.03,255,0.99,67,0.29,171,55.31,120
1107,Lissan,Cookstown,17.16,303,22.80,348,12.02,287,-0.31,384,-0.05,293,0.77,113,-0.87,492,0.35,29,34.56,322
1108,Moneymore,Cookstown,21.66,236,34.85,161,11.95,294,-0.23,361,0.46,183,0.05,251,0.24,205,0.33,58,55.37,119
1109,Newbuildings,Cookstown,28.38,150,31.88,196,15.66,124,0.14,225,-0.02,284,-0.52,410,1.92,3,0.34,38,41.13,243
1110,Oaklands,Cookstown,17.55,296,25.93,291,11.51,324,-0.24,366,0.15,239,0.89,90,-0.48,406,0.30,123,38.97,270
1111,Oldtown,Cookstown,19.59,262,27.74,259,14.19,179,-0.41,404,0.61,145,-0.71,451,0.66,118,0.25,321,47.30,185
1112,Pomeroy,Cookstown,39.80,68,46.34,62,17.92,62,0.35,162,0.33,203,1.22,44,-0.17,321,0.29,161,57.72,108
1113,Sandholes,Cookstown,14.82,351,22.38,352,10.16,389,-0.52,433,-0.16,325,0.70,130,-0.52,410,0.35,21,40.09,258
1114,Stewartstown,Cookstown,24.76,192,31.77,198,14.17,180,-0.28,374,0.49,170,0.44,183,0.66,119,0.33,54,43.40,223
1115,The Loop,Cookstown,23.33,216,31.87,197,15.66,125,-0.27,372,-0.03,287,0.73,125,-1.28,547,0.30,122,40.83,249
1116,Tullagh,Cookstown,20.55,252,25.50,298,13.94,193,0.43,142,-0.05,291,-0.72,453,1.37,25,0.19,539,33.16,339
1201,Aghagallon,Craigavon,13.82,372,20.58,378,14.15,183,-0.71,472,-0.63,432,0.55,163,-0.90,499,0.25,320,24.08,425
1202,Annagh,Craigavon,21.04,243,25.46,299,13.79,206,0.40,151,0.02,276,-0.43,376,1.10,54,0.29,182,35.37,311
1203,Ballybay,Craigavon,31.06,127,34.98,159,17.14,85,0.60,104,0.56,153,-0.39,362,0.62,125,0.24,350,56.77,115
1204,Ballyoran,Craigavon,25.08,187,36.33,143,13.32,229,0.43,144,0.47,178,0.06,250,0.44,154,0.23,404,58.45,105
1205,Bleary,Craigavon,6.79,486,14.66,459,9.45,424,-0.70,470,-1.13,507,0.24,229,-0.75,455,0.25,326,19.35,465
1206,Brownstown,Craigavon,9.28,442,16.58,442,10.71,364,-0.29,378,-0.57,417,-0.17,298,-0.14,314,0.26,279,19.93,460
1207,Church,Craigavon,38.50,78,33.52,181,20.98,24,0.63,99,1.03,72,-1.03,511,0.74,106,0.23,409,59.09,101
1208,Corcrain,Craigavon,39.64,70,49.09,43,14.64,161,0.80,76,1.19,55,-0.43,377,1.27,40,0.22,457,66.35,66
1209,Court,Craigavon,46.23,41,41.96,90,20.69,27,1.35,28,1.12,62,-1.37,539,0.68,116,0.26,305,53.57,136
1210,Drumgask,Craigavon,45.62,45,51.04,32,13.76,208,1.50,20,1.46,34,-0.28,326,1.11,51,0.26,292,72.74,35
1211,Drumgor,Craigavon,44.24,50,46.74,57,17.29,79,1.39,26,0.69,121,-0.37,359,1.67,12,0.24,353,73.92,31
1212,Drumnamoe,Craigavon,35.24,97,42.95,83,15.51,131,1.14,43,0.69,125,-0.41,368,-0.13,309,0.28,207,59.29,100
1213,Edenderry,Craigavon,16.26,321,17.50,430,13.09,241,0.42,146,-0.56,415,-0.59,425,0.04,269,0.33,47,21.11,448
1214,Kernan,Craigavon,10.09,431,18.28,418,10.46,378,0.12,236,-0.95,483,0.00,259,-0.84,480,0.25,340,25.74,415
1215,Killycomain,Craigavon,8.71,453,17.08,436,11.70,308,-0.93,510,-0.36,370,-0.43,374,0.06,264,0.20,502,25.42,420
1216,Kinnegoe,Craigavon,12.60,391,17.60,428,11.60,316,-0.16,340,-1.01,495,0.68,137,-0.03,281,0.30,148,19.27,468
1217,Knocknashane,Craigavon,6.20,501,9.26,517,10.39,380,-0.59,443,-1.30,526,-0.34,350,-0.66,442,0.27,249,11.00,524
1218,Magheralin,Craigavon,7.19,482,11.88,496,8.50,459,-0.57,441,-0.77,459,0.40,191,-0.78,463,0.27,239,13.76,502
1219,Mourneview,Craigavon,19.74,259,19.87,390,13.01,243,0.20,204,0.72,116,-0.32,340,0.30,186,0.30,132,32.86,342
1220,Parklake,Craigavon,18.41,284,18.93,407,15.81,119,0.16,218,-0.19,333,-0.64,435,0.76,101,0.21,467,17.24,481
1221,Taghnevan,Craigavon,29.72,139,35.61,150,15.88,113,0.76,82,0.47,177,-0.55,419,0.79,99,0.21,472,51.29,155
1222,Tavanagh,Craigavon,28.78,148,35.14,157,15.18,139,0.43,145,0.73,112,-1.18,528,0.91,78,0.28,184,54.19,131
1223,The Birches,Craigavon,12.86,385,23.27,344,8.55,455,-0.29,379,-0.12,313,0.95,82,-0.47,404,0.26,303,29.82,383
1224,Tullygally,Craigavon,35.52,95,43.95,74,13.81,203,1.28,32,0.78,104,-0.45,386,0.83,91,0.24,362,67.56,55
1225,Warringstown,Craigavon,5.69,508,12.56,483,7.44,488,-0.92,507,-0.99,493,0.32,214,-0.35,368,0.23,405,14.69,499
1226,Woodville,Craigavon,17.52,297,29.01,241,12.12,283,0.25,187,-0.24,344,-0.73,459,0.89,83,0.25,309,36.11,303
1301,Altnagelvin,Derry,9.55,439,16.62,441,10.81,359,0.00,278,-0.48,394,-0.44,379,0.07,256,0.19,537,22.03,437
1302,Ballynashallog,Derry,13.02,381,18.96,406,11.24,338,0.75,85,-1.69,543,-0.42,372,-0.14,316,0.20,522,19.89,461
1303,Banagher,Derry,28.07,153,35.10,158,14.15,184,0.00,277,0.60,146,1.38,25,-0.39,378,0.23,395,42.16,234
1304,Beechwood,Derry,43.92,52,49.70,37,19.20,38,1.12,44,0.54,160,-1.17,526,0.13,238,0.25,343,69.71,50
1305,Brandywell,Derry,70.95,6,69.15,1,22.50,12,1.74,11,1.96,11,-0.90,493,0.56,136,0.20,498,91.43,2
1306,Carn Hill,Derry,44.55,49,52.28,29,17.27,80,1.15,42,0.96,79,-0.36,353,0.32,181,0.21,476,70.56,46
1307,Caw,Derry,36.78,88,39.66,106,18.23,52,0.87,66,0.44,184,-0.27,325,0.81,94,0.19,531,53.12,144
1308,Claudy,Derry,26.23,170,29.18,239,15.87,115,0.31,172,0.23,221,0.99,77,-0.20,331,0.21,490,33.46,335
1309,Clondermot,Derry,32.47,117,40.45,102,18.01,57,0.51,122,0.31,207,-1.03,513,0.29,191,0.21,473,57.81,107
1310,Corrody,Derry,43.29,58,46.37,61,18.17,54,0.83,72,0.98,78,0.19,235,0.86,87,0.24,368,59.07,102
1311,Creggan Central,Derry,56.05,22,60.92,11,20.97,25,1.22,33,1.32,48,-0.72,455,0.06,265,0.24,352,82.35,11
1312,Creggan South,Derry,63.36,13,66.13,5,21.28,20,1.60,18,1.76,22,-0.65,436,0.03,273,0.23,377,89.36,3
1313,Crevagh & Springtown,Derry,28.88,147,42.12,88,15.75,122,0.39,152,0.07,260,0.04,252,0.08,255,0.20,528,52.92,145
1314,Culmore,Derry,29.48,142,41.37,92,14.68,157,0.46,136,0.40,191,0.27,225,0.28,193,0.23,418,50.35,162
1315,Ebrington,Derry,28.37,151,32.00,191,16.05,107,0.88,64,-0.30,358,-1.38,540,1.27,39,0.28,215,47.58,183
1316,Eglinton,Derry,14.13,364,20.56,379,12.33,273,0.19,210,-0.42,380,0.36,204,-0.30,354,0.20,499,22.49,435
1317,Enagh,Derry,31.26,125,37.30,134,17.71,66,0.60,103,-0.09,309,0.35,208,0.20,220,0.21,492,53.36,139
1318,Faughan,Derry,22.73,223,27.41,265,14.84,145,0.37,159,0.15,241,0.38,200,0.15,231,0.21,469,32.20,351
1319,Glen,Derry,46.16,42,49.29,41,21.24,22,0.88,63,0.63,140,-0.80,477,0.58,132,0.24,356,78.66,19
1320,Lisnagelvin,Derry,18.90,275,25.80,294,15.21,137,0.07,253,0.09,257,-0.99,503,0.44,152,0.18,545,43.98,217
1321,New Buildings,Derry,19.04,272,25.87,293,14.28,176,0.28,177,-0.24,342,0.23,231,-0.03,282,0.22,456,32.65,344
1322,Pennyburn,Derry,13.29,379,24.05,326,13.26,234,0.01,272,-1.46,534,-0.55,416,0.53,141,0.21,479,38.03,284
1323,Rosemount,Derry,46.14,43,45.95,63,21.26,21,1.20,36,0.69,124,-1.27,534,0.58,131,0.25,322,65.73,74
1324,St. Peter's,Derry,60.18,17,66.31,4,19.95,32,1.16,41,1.77,19,-0.41,369,0.10,246,0.23,426,92.39,1
1325,Shantallow East,Derry,55.29,23,63.89,6,17.31,77,1.41,24,1.71,24,-0.55,418,0.21,214,0.20,515,83.63,7
1326,Shantallow West,Derry,53.11,27,58.43,15,15.91,111,1.69,14,1.47,33,-0.04,271,1.10,55,0.20,518,68.77,52
1327,Strand,Derry,40.55,65,38.30,122,19.22,37,1.35,29,0.14,244,-1.78,562,1.75,9,0.23,378,72.58,37
1328,The Diamond,Derry,61.50,15,55.92,20,29.91,1,1.37,27,0.58,149,-1.49,547,1.61,16,0.25,310,71.62,42
1329,Victoria,Derry,58.29,18,57.77,17,23.59,8,0.81,75,1.02,74,-1.29,535,1.92,2,0.22,465,74.09,30
1330,Westland,Derry,50.16,31,48.36,45,23.40,10,1.20,37,0.71,118,-1.48,546,0.32,182,0.23,429,68.57,54
1401,Ardglass,Down,23.83,206,35.28,156,14.10,185,-0.12,326,0.16,238,0.67,140,0.56,137,0.26,302,47.98,181
1402,Audley's Acre,Down,10.01,433,18.90,409,11.15,344,0.05,261,-0.78,463,-0.64,432,0.23,210,0.22,448,28.75,388
1403,Ballymaglave,Down,12.90,383,18.09,421,9.86,407,0.21,200,0.00,280,-0.03,269,0.54,139,0.20,497,22.56,433
1404,Ballynahinch East,Down,14.05,365,23.78,330,11.13,345,0.13,227,-0.06,297,-0.46,397,0.57,135,0.23,380,34.42,328
1405,Castlewellan,Down,24.43,196,35.36,152,13.22,236,0.60,105,0.05,271,0.42,187,0.23,209,0.22,434,46.24,196
1406,Cathedral,Down,30.71,131,33.95,173,17.03,89,0.62,100,0.69,126,-0.75,465,0.90,82,0.22,455,44.97,208
1407,Crossgar,Down,7.84,471,15.65,450,7.50,484,-0.47,426,-0.64,433,0.46,181,-0.08,296,0.23,389,22.54,434
1408,Derryboy,Down,9.79,437,15.81,449,9.33,432,-0.62,450,-0.67,438,0.88,96,-0.59,427,0.27,240,18.35,473
1409,Donard,Down,11.28,413,16.76,438,11.78,304,-0.21,354,-1.14,509,-0.17,297,0.87,84,0.26,299,19.37,463
1410,Drumaness,Down,16.73,314,23.29,342,10.65,367,0.24,189,0.18,235,0.63,151,0.04,272,0.27,256,31.52,360
1411,Dundrum,Down,21.01,244,29.45,237,11.12,346,0.39,153,0.52,166,0.52,173,0.68,114,0.22,454,42.83,228
1412,Dunmore,Down,12.84,387,15.99,446,7.48,485,0.31,170,-0.33,364,0.97,80,-0.38,374,0.21,478,23.87,427
1413,Flying Horse,Down,54.52,25,50.19,36,23.58,9,1.08,45,1.26,52,-0.84,482,0.80,97,0.21,470,76.34,23
1414,Killough,Down,16.08,322,20.56,380,9.97,399,0.36,161,0.05,270,0.71,127,-0.04,284,0.27,253,33.09,341
1415,Killyleagh,Down,26.47,169,28.48,248,14.55,166,0.45,138,0.84,95,0.17,236,0.34,178,0.27,264,37.03,293
1416,Kilmore,Down,8.27,461,11.17,499,6.86,515,0.00,276,-1.04,499,0.52,172,-0.60,430,0.28,210,14.29,501
1417,Murlough,Down,27.93,155,36.73,139,12.95,244,0.56,113,0.72,115,0.16,238,0.76,102,0.25,325,54.09,134
1418,Quoile,Down,14.85,349,23.60,334,12.57,262,-0.11,322,-0.25,346,-0.24,317,1.09,58,0.19,540,35.11,315
1419,Saintfield,Down,6.00,503,9.74,513,6.96,506,-0.86,498,-0.43,383,0.28,220,-0.22,335,0.22,446,10.86,527
1420,Seaforde,Down,12.85,386,15.52,453,11.32,332,-0.04,290,-0.26,350,0.80,110,-0.14,311,0.22,443,18.64,471
1421,Shimna,Down,16.62,315,26.98,273,12.47,266,0.29,175,-0.60,424,-0.79,475,1.09,57,0.22,432,41.13,244
1422,Strangford,Down,12.55,393,19.08,405,9.86,408,-0.60,446,-0.47,388,1.09,60,-0.13,307,0.27,232,28.31,393
1423,Tollymore,Down,18.43,283,29.56,235,12.39,270,-0.06,302,-0.06,298,0.85,100,-0.13,308,0.23,410,40.99,246
1501,Altmore,Dungannon,28.92,146,37.58,129,14.28,174,0.75,84,-0.26,351,1.19,48,-1.18,537,0.24,367,43.45,222
1502,Augher,Dungannon,24.11,203,34.43,166,10.57,374,0.28,178,-0.62,429,1.31,32,-0.34,367,0.35,27,43.09,225
1503,Aughnacloy,Dungannon,19.46,264,30.66,220,10.66,366,0.11,239,-0.26,347,0.92,88,0.04,268,0.32,91,39.18,267
1504,Ballygawley,Dungannon,25.55,178,37.96,126,13.73,210,-0.23,362,0.18,231,1.17,49,0.13,240,0.25,331,44.00,216
1505,Ballysaggart,Dungannon,40.27,67,50.21,35,14.81,148,0.97,49,0.90,87,-0.84,483,0.38,169,0.30,140,71.05,43
1506,Benburb,Dungannon,13.84,371,25.57,296,11.98,292,-0.34,392,-0.79,464,0.48,180,-0.32,361,0.29,168,34.50,325
1507,Caledon,Dungannon,19.84,258,27.69,262,10.00,397,0.04,264,-0.49,395,1.34,29,-0.61,433,0.33,39,37.51,290
1508,Castlecaulfield,Dungannon,15.58,335,28.59,246,12.61,261,-0.61,448,-1.09,502,0.74,123,-0.02,279,0.27,227,32.80,343
1509,Clogher,Dungannon,26.84,164,37.61,128,13.84,199,-0.13,327,0.20,226,1.39,22,-0.14,312,0.17,555,46.73,192
1510,Coalisland North,Dungannon,23.43,213,45.52,65,12.40,269,-0.11,324,-0.39,375,0.15,241,0.19,226,0.27,243,61.17,89
1511,Coalisland South,Dungannon,33.81,104,51.74,30,14.35,173,0.50,123,0.19,229,-0.36,354,0.13,239,0.27,228,65.80,72
1512,Coalisland West & Newmil,Dungannon,23.54,210,36.92,138,12.67,258,0.38,156,-0.38,372,-0.03,270,-0.22,337,0.34,32,46.89,191
1513,Coolhill,Dungannon,8.77,452,17.74,426,11.35,330,-0.27,373,-0.68,439,-0.46,395,-0.37,373,0.24,369,26.60,409
1514,Donaghmore,Dungannon,21.89,233,32.33,189,14.28,175,0.17,215,-1.12,506,0.51,176,-0.32,362,0.32,73,41.08,245
1515,Drumglass,Dungannon,24.29,200,33.05,186,15.71,123,0.75,87,-0.45,385,-0.59,427,0.24,203,0.19,534,43.61,220
1516,Fivemiletown,Dungannon,27.54,159,30.47,222,14.10,186,-0.10,319,-0.01,282,1.05,65,0.71,108,0.47,1,38.84,273
1517,Killyman,Dungannon,10.95,421,21.36,368,9.93,403,-0.71,471,-0.78,462,0.82,109,-0.46,400,0.28,205,29.83,382
1518,Killymeal,Dungannon,15.75,332,28.87,244,11.84,302,0.08,251,-1.11,504,-0.30,334,0.23,207,0.31,102,38.75,275
1519,Moy,Dungannon,17.17,302,23.74,331,11.46,325,-0.23,363,-1.01,497,0.16,240,0.96,69,0.45,3,31.55,357
1520,Moygashel,Dungannon,12.07,401,23.43,340,10.96,353,-0.18,344,-0.51,402,-0.01,261,0.31,184,0.25,336,31.53,358
1521,Mullaghmore,Dungannon,25.10,186,31.50,204,15.94,110,0.11,238,-1.25,519,-0.56,421,1.33,32,0.34,31,40.82,250
1522,Washing Bay,Dungannon,24.31,198,42.87,84,12.37,272,0.20,202,-0.05,292,0.69,134,-0.83,479,0.23,411,51.26,156
1601,Ballinamallard,Fermanagh,14.91,347,18.46,416,9.31,434,-0.12,325,-0.54,407,0.80,111,0.29,189,0.36,16,19.27,467
1602,Belcoo & Garrison,Fermanagh,20.61,251,30.97,214,10.67,365,-1.14,529,-0.94,481,2.48,1,-1.29,548,0.30,116,35.94,305
1603,Belleek & Boa,Fermanagh,25.61,177,31.16,210,11.07,349,-0.29,376,0.10,255,2.33,2,-1.36,553,0.35,23,39.64,262
1604,Boho Cleenish & Letterb,Fermanagh,18.56,282,29.76,233,11.29,334,0.01,275,-0.84,470,1.15,52,-0.95,503,0.32,90,34.61,321
1605,Brookeborough,Fermanagh,26.01,172,34.39,167,12.74,255,0.26,181,-0.47,390,1.35,27,-0.82,478,0.33,46,44.25,212
1606,Castlecoole,Fermanagh,10.05,432,23.63,333,7.37,491,-0.01,279,-1.00,494,-0.04,272,-0.61,434,0.29,167,32.32,348
1607,Derrygonnelly,Fermanagh,19.32,267,26.89,275,10.42,379,-0.02,284,-0.49,398,1.24,42,-1.31,551,0.36,17,31.88,352
1608,Derrylin,Fermanagh,16.84,310,24.21,323,8.22,464,-1.20,537,-0.27,352,1.56,12,-2.39,566,0.33,44,26.15,413
1609,Devenish,Fermanagh,31.02,128,43.00,82,16.11,102,0.50,125,0.43,190,-1.03,512,0.08,252,0.26,289,69.83,49
1610,Donagh,Fermanagh,18.36,286,25.67,295,11.68,309,-0.51,431,-0.88,473,1.16,50,-1.42,557,0.37,7,32.31,349
1611,Ederny & Lack,Fermanagh,24.98,190,36.15,145,11.67,310,-0.15,338,-0.33,363,1.35,28,-0.81,474,0.37,12,48.41,177
1612,Erne,Fermanagh,24.16,201,34.10,172,13.26,233,0.57,111,0.06,266,-0.37,357,0.48,149,0.31,110,49.95,163
1613,Florence Court & Kinawle,Fermanagh,14.99,346,26.13,287,9.56,419,-0.63,454,0.00,278,1.22,46,-1.63,565,0.26,295,31.18,367
1614,Irvinestown,Fermanagh,29.75,138,41.17,97,15.63,126,0.33,168,0.03,274,0.33,213,-0.09,300,0.31,97,52.74,148
1615,Island,Fermanagh,14.68,353,27.78,258,12.24,277,-0.04,291,-0.69,440,-1.61,553,0.43,156,0.30,144,39.74,260
1616,Kesh & Lisnarrick,Fermanagh,16.00,326,19.31,401,12.01,288,-0.21,355,-0.79,465,0.98,78,-1.17,534,0.35,22,22.00,439
1617,Lisbellaw,Fermanagh,12.16,399,22.21,356,9.68,412,-0.64,456,-0.53,405,0.67,138,-0.52,411,0.32,72,27.72,397
1618,Lisnaskea,Fermanagh,30.94,129,39.25,112,15.62,127,0.52,120,0.38,196,0.28,221,-0.09,299,0.31,111,52.49,150
1619,Maguires Bridge,Fermanagh,14.82,350,26.56,279,11.63,314,-0.40,402,-0.52,404,0.76,115,-0.32,363,0.28,221,30.91,371
1620,Newtownbutler,Fermanagh,31.58,120,41.18,95,15.15,140,-0.06,309,-0.09,307,1.59,11,-1.07,519,0.29,151,57.04,114
1621,Rosslea,Fermanagh,26.68,166,41.28,93,13.18,237,-0.62,453,-0.18,329,1.78,8,-1.40,555,0.25,344,51.71,154
1622,Rossorry,Fermanagh,9.93,436,22.47,351,8.83,445,-0.66,459,-0.74,451,-0.10,280,-0.34,366,0.32,75,31.37,362
1623,Tempo,Fermanagh,21.20,240,31.74,200,11.25,335,-0.04,292,-0.17,327,0.94,84,-0.43,386,0.36,20,38.94,271
1701,Antiville,Larne,19.91,257,30.36,224,11.40,328,-0.05,295,0.57,151,-0.16,296,1.08,60,0.27,248,54.14,132
1702,Ballycarry,Larne,10.13,430,11.38,498,8.37,462,-0.60,445,-0.75,454,0.93,87,-0.27,350,0.31,101,13.64,503
1703,Ballyloran,Larne,31.56,121,38.35,121,13.39,225,0.05,260,1.28,51,0.39,195,0.75,105,0.33,43,66.02,71
1704,Blackcave,Larne,27.89,156,37.16,136,11.11,348,0.38,157,0.95,80,0.36,207,1.50,19,0.23,399,60.46,97
1705,Carncastle,Larne,6.63,487,6.09,553,6.54,527,-0.90,503,-0.81,467,0.73,124,-0.23,341,0.27,229,7.59,547
1706,Carnlough,Larne,24.14,202,29.69,234,10.62,371,0.20,205,0.62,143,1.46,17,-0.18,325,0.25,314,41.21,242
1707,Central,Larne,38.27,79,30.54,221,20.24,30,0.31,171,0.76,106,-1.16,524,1.34,28,0.37,11,45.94,200
1708,Craigy Hill,Larne,29.67,140,32.29,190,16.10,105,0.39,154,0.71,117,0.26,228,0.30,187,0.28,216,60.70,93
1709,Gardenmore,Larne,7.77,474,13.46,470,9.41,428,-0.62,451,-0.61,426,-0.18,299,0.21,217,0.26,275,18.42,472
1710,Glenarm,Larne,15.74,333,18.62,411,8.87,444,-0.70,468,0.03,273,1.50,16,0.10,245,0.27,236,26.41,411
1711,Glynn,Larne,8.09,464,12.42,486,6.73,522,-0.76,480,-0.43,382,0.69,133,-0.29,353,0.27,226,19.97,459
1712,Harbour,Larne,12.36,396,18.53,415,9.32,433,-0.06,307,0.26,215,-0.19,304,-0.43,387,0.31,109,34.61,320
1713,Island Magee,Larne,15.02,345,13.53,469,10.64,369,-0.43,414,-0.01,283,1.43,20,-0.89,496,0.26,269,19.60,462
1714,Kilwaughter,Larne,7.83,472,9.14,518,5.65,547,-1.43,553,-0.13,317,0.83,104,-0.29,351,0.26,300,12.15,515
1715,Town Parks,Larne,12.51,394,20.66,376,10.29,383,-0.43,416,-0.14,318,-0.65,439,0.54,138,0.33,45,37.07,292
1801,Aghanloo,Limavady,16.56,318,19.92,389,12.61,259,-0.81,491,-0.13,316,1.04,68,-0.70,448,0.33,56,25.58,417
1802,Ballykelly,Limavady,15.55,336,19.36,399,11.03,350,-0.67,462,0.53,163,0.75,120,0.04,267,0.30,137,33.13,340
1803,Binevenagh,Limavady,54.86,24,43.76,75,23.94,6,0.71,90,1.77,20,-0.55,420,1.67,11,0.20,506,67.04,59
1804,Coolessan,Limavady,41.89,62,50.26,34,15.88,114,0.47,133,0.98,77,-0.11,282,1.62,15,0.26,287,75.82,24
1805,Dungiven,Limavady,22.90,220,38.20,123,14.06,189,-0.08,313,0.09,258,0.36,205,0.19,224,0.20,509,47.03,189
1806,Enagh,Limavady,21.83,235,38.02,125,10.56,375,0.10,242,0.63,142,0.00,258,0.61,127,0.13,565,49.82,164
1807,Feeny,Limavady,27.76,157,37.66,127,11.35,329,-0.05,297,0.77,105,1.51,14,-0.14,315,0.20,517,48.14,179
1808,Forest,Limavady,20.88,246,23.48,338,12.39,271,0.13,231,0.53,162,0.87,98,-0.31,356,0.32,89,30.39,375
1809,Glack,Limavady,23.36,215,28.97,242,13.69,211,-0.41,405,0.56,155,1.33,31,-0.76,458,0.27,247,34.47,327
1810,Gresteel,Limavady,16.94,309,31.25,208,9.06,440,-0.28,375,0.48,175,0.65,143,-0.12,306,0.25,313,35.96,304
1811,Magilligan,Limavady,23.79,207,25.36,303,13.45,222,-0.20,351,0.19,227,1.56,13,0.23,206,0.29,180,31.48,361
1812,Rathbrady,Limavady,12.87,384,17.76,425,14.25,177,-0.04,289,-0.89,474,-0.35,351,-0.13,310,0.16,562,25.53,419
1813,Roeside,Limavady,11.63,410,17.14,434,9.42,426,-0.15,336,-0.51,401,-0.45,384,1.28,38,0.30,124,23.81,429
1814,The Highlands,Limavady,22.28,227,33.92,174,10.16,388,0.06,258,0.64,136,1.22,45,-0.59,428,0.20,503,45.17,206
1815,Upper Glenshane,Limavady,22.25,228,36.98,137,10.23,386,-0.46,421,0.25,216,1.39,23,-0.55,420,0.25,319,49.11,171
1901,Ballymacash,Lisburn,2.36,560,5.57,559,4.64,560,-1.14,531,-1.52,536,-0.25,318,-0.78,466,0.22,452,6.70,552
1902,Ballymacbrennan,Lisburn,3.67,539,4.84,563,4.46,561,-1.54,560,-1.62,539,0.65,144,-1.27,545,0.22,464,5.24,561
1903,Ballymacoss,Lisburn,14.51,354,23.98,327,9.66,413,-0.07,311,0.59,148,-0.03,268,0.08,254,0.23,390,34.63,319
1904,Blaris,Lisburn,4.81,523,12.89,477,7.12,496,-0.83,495,-0.74,452,-0.34,349,-0.88,495,0.25,339,19.36,464
1905,Collin Glen,Lisburn,47.60,38,62.24,10,13.86,197,0.92,53,1.19,58,-0.21,307,1.72,10,0.23,408,83.61,8
1906,Derryaghy,Lisburn,19.15,270,31.24,209,13.28,231,-0.36,396,0.23,218,-0.14,293,0.94,70,0.21,485,46.52,194
1907,Dromara,Lisburn,5.41,512,8.52,528,5.81,541,-0.93,511,-0.76,457,0.75,121,-1.06,517,0.20,526,9.78,536
1908,Drumbo,Lisburn,3.14,546,7.16,544,5.27,554,-1.78,563,-2.00,559,0.29,219,-0.46,397,0.21,496,9.78,535
1909,Dunmurry,Lisburn,9.43,440,19.65,395,9.20,436,0.07,254,-1.48,535,-0.83,481,0.71,110,0.26,291,24.55,423
1910,Glenavy,Lisburn,8.34,459,12.21,489,7.58,481,-0.88,502,-0.63,431,0.88,94,-0.43,388,0.26,286,14.74,498
1911,Harmony Hill,Lisburn,4.84,522,10.22,508,6.74,521,-0.55,437,-0.91,475,-0.36,355,0.07,257,0.22,441,16.58,487
1912,Hilden,Lisburn,19.37,266,29.13,240,12.61,260,-0.04,294,0.86,92,-0.66,444,0.10,244,0.22,442,53.19,141
1913,Hillhall,Lisburn,21.00,245,27.04,272,12.32,274,0.22,195,0.95,81,-0.33,342,0.20,223,0.23,388,44.38,210
1914,Hillsborough,Lisburn,3.29,544,5.71,557,5.31,553,-1.23,539,-1.90,555,0.39,193,-1.15,532,0.22,436,5.55,558
1915,Kilwee,Lisburn,38.55,75,48.09,48,14.95,144,1.22,34,0.05,269,-0.57,422,1.66,14,0.28,208,61.31,88
1916,Knockmore,Lisburn,26.48,168,33.73,178,13.13,240,0.35,164,1.32,47,-0.73,456,0.69,111,0.23,396,55.43,118
1917,Lagan Valley,Lisburn,18.67,278,24.45,316,11.88,297,0.42,147,0.69,123,-1.46,544,0.44,153,0.23,382,40.98,247
1918,Lambeg,Lisburn,14.22,362,20.88,373,8.50,458,-0.14,334,0.81,99,-0.09,277,0.16,229,0.23,417,44.14,214
1919,Lisnagarvy,Lisburn,3.35,541,9.45,515,7.16,493,-1.26,543,-0.80,466,-0.96,500,-0.39,380,0.23,379,13.25,507
1920,Mageragall,Lisburn,7.55,477,8.36,532,7.91,474,-0.77,483,-0.59,421,0.55,162,0.08,251,0.27,263,9.56,540
1921,Magheralave,Lisburn,3.86,534,8.92,521,5.69,546,-0.92,508,-0.77,460,-0.29,331,-0.20,332,0.22,453,10.40,532
1922,Maze,Lisburn,7.03,484,12.47,484,6.35,530,-0.44,417,-0.30,357,0.35,210,-0.90,498,0.26,296,20.74,452
1923,Moira,Lisburn,5.50,511,9.58,514,7.12,497,-0.66,461,-0.73,450,0.28,222,-0.45,393,0.21,491,11.45,521
1924,Old Warren,Lisburn,37.72,84,43.51,76,14.74,152,0.70,91,1.55,30,-1.06,515,1.22,48,0.25,328,72.14,38
1925,Seymour Hill,Lisburn,13.99,366,23.57,335,12.05,286,-0.20,350,0.31,205,-0.54,415,0.08,253,0.23,386,41.64,239
1926,Tonagh,Lisburn,20.52,253,28.12,253,12.53,264,0.47,132,0.56,154,-1.52,548,0.46,151,0.26,285,47.27,186
1927,Twinbrook,Lisburn,52.63,28,58.20,16,20.81,26,0.91,57,0.93,83,-0.40,365,0.80,95,0.24,375,80.89,13
1928,Wallace Park,Lisburn,1.01,566,3.03,566,2.66,566,-1.34,549,-1.91,556,-0.75,463,-1.14,530,0.22,445,3.64,564
2001,Ballymaguigan,Magherafelt,14.43,357,25.22,305,11.87,299,-0.32,387,-0.48,393,0.53,167,-0.80,470,0.30,115,31.58,356
2002,Bellaghy,Magherafelt,18.94,273,34.11,171,11.58,320,-0.13,328,-0.12,314,0.66,142,-1.08,520,0.31,105,45.35,203
2003,Castledawson,Magherafelt,22.47,224,27.73,260,13.98,191,0.81,74,-0.26,348,0.16,239,-0.16,319,0.27,258,36.44,297
2004,Draperstown,Magherafelt,22.04,231,35.44,151,13.29,230,0.02,271,0.06,267,0.75,122,-0.45,391,0.25,338,45.32,204
2005,Gulladuff,Magherafelt,17.30,300,26.41,283,12.15,279,0.23,194,-0.23,340,0.51,174,-0.99,508,0.28,194,31.60,354
2006,Knockcloghrim,Magherafelt,10.89,423,17.27,431,9.69,411,-0.05,298,-0.57,419,0.39,194,-0.65,441,0.30,138,20.19,456
2007,Lecumpher,Magherafelt,11.12,415,21.88,358,9.81,409,-0.45,419,-0.55,413,0.34,211,-1.41,556,0.32,71,27.82,396
2008,Lower Glenshane,Magherafelt,13.32,378,28.62,245,11.59,318,-0.65,457,-0.35,367,0.58,156,-1.10,523,0.20,519,35.37,310
2009,Maghera,Magherafelt,31.22,126,41.25,94,16.14,101,0.48,127,0.18,230,-0.54,414,0.04,271,0.31,100,54.92,122
2010,Swatragh,Magherafelt,14.39,359,29.89,231,10.72,363,-0.30,383,-0.72,449,0.79,112,-0.78,464,0.26,278,40.46,254
2011,Tobermore,Magherafelt,15.07,343,25.41,301,11.98,293,-0.05,300,-0.15,322,0.44,185,-0.60,431,0.26,273,33.83,332
2012,Town Parks East,Magherafelt,25.13,184,38.59,117,13.67,212,-0.05,299,0.74,111,-1.03,510,0.80,96,0.27,259,54.21,130
2013,Town Parks West,Magherafelt,17.74,293,30.33,225,13.97,192,-0.10,320,-0.48,391,-1.04,514,0.65,121,0.28,186,41.60,240
2014,Upperlands,Magherafelt,23.44,212,25.14,307,14.52,167,0.27,180,-0.27,354,0.77,114,-0.96,505,0.37,13,28.30,394
2015,Valley,Magherafelt,15.33,339,26.30,285,12.75,253,-0.43,415,-0.07,300,0.61,152,-1.45,558,0.25,312,31.20,365
2101,Armoy,Moyle,38.74,74,38.98,116,15.01,142,0.87,67,0.32,204,1.43,21,-0.09,302,0.37,14,59.07,103
2102,Ballylough,Moyle,19.29,268,26.06,289,13.88,196,-0.22,356,0.10,251,0.54,165,-0.03,283,0.30,139,46.98,190
2103,Bonamargy & Rathlin,Moyle,32.89,110,27.33,268,17.93,61,0.48,130,-1.23,516,1.26,38,1.21,49,0.32,59,43.63,219
2104,Bushmills,Moyle,48.99,36,49.23,42,18.88,41,0.22,198,1.62,28,0.52,171,1.35,27,0.28,193,73.85,32
2105,Carnmoon,Moyle,21.14,242,21.80,359,13.78,207,-0.04,293,0.13,247,1.06,63,-0.59,426,0.33,52,30.03,377
2106,Dalriada,Moyle,17.04,306,30.44,223,12.24,276,-0.02,282,-0.32,360,-0.03,267,0.38,166,0.26,306,46.21,197
2107,Dunseverick,Moyle,18.30,287,22.34,354,11.77,305,0.26,184,-0.53,406,1.27,36,-0.55,417,0.26,270,38.13,280
2108,Glenaan,Moyle,18.08,290,29.98,229,11.85,300,0.18,214,-0.65,434,0.93,86,-0.09,301,0.22,461,45.09,207
2109,Glenariff,Moyle,19.49,263,27.41,264,12.77,252,-0.13,329,-0.21,336,1.30,33,-0.22,338,0.21,471,40.37,255
2110,Glendun,Moyle,27.97,154,26.30,286,13.90,194,0.13,232,0.21,224,1.78,7,-0.76,457,0.34,36,36.33,300
2111,Glenshesk,Moyle,16.61,316,24.36,319,11.66,312,-1.14,530,-0.82,468,1.51,15,-0.16,320,0.27,260,40.67,251
2112,Glentaisie,Moyle,50.51,30,48.70,44,21.38,17,0.69,95,1.25,54,-0.65,440,1.22,47,0.28,214,73.08,34
2113,Kinbane,Moyle,30.63,132,34.12,170,15.86,116,-0.54,435,0.39,193,0.97,79,0.43,158,0.43,4,55.94,116
2114,Knocklayd,Moyle,36.58,89,45.77,64,17.87,63,0.09,244,0.90,88,0.10,249,0.07,261,0.24,347,67.43,57
2115,Moss-side & Moyarget,Moyle,18.74,277,30.91,216,12.68,257,-0.52,434,-0.33,362,0.97,81,-0.22,339,0.29,153,43.72,218
2201,Annalong,Newry and Mourne,20.76,249,26.50,281,12.40,268,-0.22,358,0.71,120,1.00,76,0.06,263,0.23,384,30.65,373
2202,Ballybot,Newry and Mourne,46.29,40,50.52,33,17.76,64,1.39,25,1.05,70,-0.96,498,0.52,142,0.17,560,70.64,44
2203,Ballycrossan,Newry and Mourne,18.18,288,26.09,288,11.92,296,0.55,114,-0.15,321,0.30,218,-0.81,472,0.27,237,33.35,337
2204,Beesbrook,Newry and Mourne,29.87,137,37.29,135,14.65,159,0.54,115,1.01,75,-0.34,348,-0.07,294,0.26,298,53.17,142
2205,Binnian,Newry and Mourne,17.23,301,23.29,343,8.51,457,0.34,167,0.46,180,1.04,69,-0.45,392,0.19,535,29.05,386
2206,Camlough,Newry and Mourne,34.64,101,44.81,67,16.95,90,0.47,134,0.44,187,0.54,166,-0.47,401,0.26,277,58.04,106
2207,Clonallan,Newry and Mourne,23.74,209,31.66,201,14.41,171,0.59,107,-0.15,323,-0.39,363,0.83,92,0.25,333,39.10,268
2208,Creggan,Newry and Mourne,40.54,66,52.79,28,17.21,81,0.15,223,0.65,134,0.84,102,-1.09,521,0.30,135,65.74,73
2209,Crossmaglen,Newry and Mourne,45.19,47,53.53,24,17.57,70,0.91,58,0.79,102,0.59,155,-1.00,510,0.23,403,66.60,64
2210,Daisy Hill,Newry and Mourne,50.05,33,52.98,27,18.76,45,1.43,23,1.06,67,-1.02,509,0.26,196,0.28,223,70.15,47
2211,Derrymore,Newry and Mourne,37.37,87,47.69,52,15.79,120,0.89,60,0.49,171,-0.11,281,0.52,143,0.27,251,63.26,81
2212,Donaghmore,Newry and Mourne,20.45,255,25.05,309,13.43,223,0.11,240,-0.69,441,0.64,149,-0.26,345,0.39,6,32.55,347
2213,Drumalane,Newry and Mourne,20.81,247,30.73,217,13.46,221,0.79,77,-0.25,345,-0.53,411,0.12,241,0.18,550,38.78,274
2214,Drumgullion,Newry and Mourne,35.83,93,42.73,85,17.52,72,0.77,81,0.60,147,-0.51,407,0.20,219,0.27,241,53.22,140
2215,Fathom,Newry and Mourne,21.63,237,31.60,202,12.91,245,0.59,106,-0.23,341,0.45,182,-0.47,402,0.26,288,37.95,285
2216,Forkhill,Newry and Mourne,25.40,181,37.43,131,12.84,249,0.48,131,-0.15,320,1.12,57,-0.48,407,0.21,468,40.20,257
2217,Kilkeel Central,Newry and Mourne,22.79,221,31.96,193,11.98,291,0.10,243,0.93,84,-0.28,330,0.93,72,0.21,481,44.04,215
2218,Kilkeel South,Newry and Mourne,24.66,194,33.49,183,10.87,357,0.45,140,0.87,91,0.02,257,0.73,107,0.28,197,46.50,195
2219,Lisnascree,Newry and Mourne,22.74,222,27.17,271,14.46,168,0.18,213,0.00,279,1.02,71,-0.47,403,0.27,233,31.24,364
2220,Mayobridge,Newry and Mourne,16.98,308,28.57,247,11.58,319,-0.14,332,0.04,272,0.82,107,-1.10,524,0.27,255,34.55,323
2221,Newtownhamilton,Newry and Mourne,32.86,112,42.73,86,15.99,109,0.53,118,0.15,242,0.93,85,-0.49,408,0.23,400,55.78,117
2222,Rathfriland,Newry and Mourne,25.50,179,34.63,163,12.78,251,0.69,93,0.65,133,-0.02,266,0.10,247,0.22,433,46.11,198
2223,Rostrevor,Newry and Mourne,18.40,285,28.91,243,12.14,282,0.24,191,0.06,264,0.58,157,-0.43,385,0.19,536,39.44,263
2224,St. Mary's,Newry and Mourne,33.88,103,39.53,108,16.21,98,0.93,52,0.71,119,-0.53,413,0.09,249,0.18,547,55.15,121
2225,St. Patrick's,Newry and Mourne,42.94,59,44.75,68,20.45,29,1.34,30,0.27,213,-1.38,541,0.91,76,0.18,552,54.46,126
2226,Seaview,Newry and Mourne,15.02,344,27.51,263,12.11,284,-0.16,339,-0.03,288,-0.45,391,0.35,175,0.24,349,35.27,314
2227,Silver Bridge,Newry and Mourne,30.59,133,43.21,79,15.30,136,0.18,212,0.17,236,1.08,61,-1.31,552,0.23,406,52.38,151
2228,Spelga,Newry and Mourne,28.43,149,33.87,175,14.17,181,0.38,155,0.48,176,1.24,41,-0.17,322,0.25,311,42.92,227
2229,Tullyhappy,Newry and Mourne,17.37,298,20.38,384,11.56,322,0.52,121,-0.06,296,0.70,129,-0.24,342,0.25,316,22.92,432
2230,Windsor Hill,Newry and Mourne,10.46,428,20.81,374,10.62,370,0.12,237,-0.87,472,-0.45,392,0.09,250,0.23,420,29.48,384
2301,Abbey,Newtownabbey,8.88,447,19.34,400,8.01,470,0.05,262,-0.07,304,-0.78,471,-0.29,352,0.20,501,33.95,330
2302,Ballyclare North,Newtownabbey,12.75,389,25.14,308,11.55,323,-0.37,397,0.13,246,-0.38,360,0.14,235,0.18,549,30.90,372
2303,Ballyclare South,Newtownabbey,9.16,443,17.53,429,9.35,431,-0.86,496,0.16,237,-0.37,356,0.33,180,0.22,449,28.49,390
2304,Ballyduff,Newtownabbey,8.94,446,16.34,443,7.62,480,-0.34,393,0.29,209,-0.32,341,-0.04,286,0.18,548,29.39,385
2305,Ballyhenry,Newtownabbey,6.63,488,13.53,468,8.99,442,-0.48,427,-0.76,455,-0.45,387,0.29,190,0.22,431,17.88,476
2306,Ballynure,Newtownabbey,6.31,499,7.29,543,5.82,540,-1.17,536,-0.98,490,0.55,164,-0.79,467,0.32,87,7.42,549
2307,Braden,Newtownabbey,43.47,56,39.55,107,18.41,49,0.83,73,1.98,10,-0.72,454,0.17,228,0.20,520,66.24,67
2308,Burnthill,Newtownabbey,4.73,525,10.84,501,7.64,479,-0.71,475,-0.47,389,-0.65,437,-0.37,371,0.20,516,18.90,469
2309,Carnmoney,Newtownabbey,10.48,427,20.63,377,9.89,405,-0.39,400,-0.09,305,-0.27,324,0.37,170,0.23,421,41.89,236
2310,Cloughfern,Newtownabbey,16.57,317,20.90,372,9.62,414,0.41,148,0.92,86,-0.66,443,0.14,233,0.16,561,34.65,318
2311,Collinbridge,Newtownabbey,3.96,532,10.21,510,7.11,498,-0.76,482,-1.02,498,-0.67,447,0.14,234,0.20,527,15.16,492
2312,Coole,Newtownabbey,36.52,90,41.18,96,13.84,200,0.88,61,1.94,12,-1.18,527,0.20,221,0.22,451,67.51,56
2313,Doagh,Newtownabbey,6.58,491,9.80,512,6.45,528,-0.90,504,-0.71,445,0.51,175,-0.71,452,0.29,154,11.77,519
2314,Dunanney,Newtownabbey,42.75,60,47.45,55,16.45,94,0.77,80,1.94,13,-0.79,476,0.22,212,0.21,489,74.93,26
2315,Glebe,Newtownabbey,5.08,518,14.19,464,7.38,489,-0.51,432,-0.99,492,-0.44,381,-0.19,326,0.21,493,22.03,438
2316,Glengormley,Newtownabbey,11.69,409,22.03,357,9.46,423,-0.34,395,0.23,219,-0.85,485,0.93,73,0.23,425,37.93,286
2317,Hawthorne,Newtownabbey,11.87,408,19.46,397,10.16,387,-0.66,460,0.73,113,-0.46,396,-0.16,318,0.20,524,35.80,307
2318,Hightown,Newtownabbey,7.20,481,14.28,463,10.55,376,-0.15,337,-0.76,458,-0.88,491,-0.21,334,0.22,435,22.49,436
2319,Jordanstown,Newtownabbey,4.92,520,11.02,500,7.66,478,-0.68,465,-0.91,477,-0.28,329,-0.46,396,0.23,423,15.12,494
2320,Mallusk,Newtownabbey,4.33,527,7.52,539,5.34,552,-0.81,492,-0.95,484,0.36,203,-1.03,514,0.23,385,10.43,531
2321,Monkstown,Newtownabbey,25.13,185,30.68,219,12.28,275,0.49,126,1.40,38,-0.33,343,-0.59,429,0.23,422,50.44,161
2322,Mossley,Newtownabbey,16.74,313,23.80,329,9.06,441,0.26,185,0.82,98,-0.02,264,-0.10,303,0.20,504,35.84,306
2323,Rostulla,Newtownabbey,3.37,540,12.27,488,5.01,557,-1.08,525,-1.09,503,-0.50,404,-0.22,340,0.23,401,21.59,443
2324,Valley,Newtownabbey,30.16,136,36.01,146,14.79,150,0.45,137,1.14,59,-0.62,430,0.14,232,0.28,202,53.46,137
2325,Whitehouse,Newtownabbey,33.23,106,30.18,226,17.16,84,0.84,70,1.38,41,-1.21,530,0.57,134,0.20,523,60.66,94
2401,Ballyholme,North Down,2.75,553,7.44,540,3.77,564,-0.86,497,-2.44,564,-0.73,460,-0.85,487,0.29,174,6.87,551
2402,Ballymaconnell,North Down,2.67,554,6.49,551,5.26,555,-1.53,559,-1.63,540,-0.01,260,-1.30,550,0.23,407,7.62,546
2403,Ballymagee,North Down,2.47,559,6.68,548,5.78,542,-1.17,535,-1.16,512,-0.26,322,-1.25,543,0.20,500,8.50,543
2404,Bangor Castle,North Down,6.56,492,16.93,437,10.75,362,-1.02,520,-1.01,496,-0.85,486,-0.16,317,0.26,284,27.58,399
2405,Bloomfield,North Down,15.69,334,25.91,292,10.09,391,-0.10,316,0.69,122,-0.46,394,-0.38,375,0.29,166,39.00,269
2406,Broadway,North Down,2.48,558,8.72,522,6.58,525,-1.85,565,-1.82,552,-0.48,399,-1.21,540,0.25,329,12.80,510
2407,Bryansburn,North Down,1.59,563,6.00,554,6.80,519,-1.26,545,-2.01,560,-0.73,458,-1.17,536,0.22,463,6.47,553
2408,Churchill,North Down,5.19,516,10.76,502,8.57,452,-0.73,478,-1.58,537,-0.33,344,-0.82,477,0.28,212,10.51,530
2409,Clandeboye,North Down,17.15,304,25.40,302,10.35,381,-0.23,365,0.78,103,-0.19,305,0.53,140,0.28,206,34.83,316
2410,Conlig,North Down,24.09,204,33.10,185,14.06,188,0.26,186,0.67,129,0.03,254,-0.31,357,0.24,373,48.64,172
2411,Craigavad,North Down,4.31,528,5.79,555,6.21,532,-1.24,541,-2.16,561,0.39,197,-1.47,561,0.28,189,2.66,565
2412,Crawfordsburn,North Down,4.57,526,5.08,562,4.25,562,-1.48,556,-2.34,563,0.13,245,-0.86,489,0.32,70,6.21,556
2413,Cultra,North Down,2.48,557,3.33,565,3.23,565,-2.20,566,-2.00,558,0.04,253,-1.29,549,0.24,358,2.38,566
2414,Dufferin,North Down,32.09,119,32.80,187,17.35,74,0.43,143,1.10,64,-0.38,361,0.19,225,0.25,334,49.45,169
2415,Groomsport,North Down,5.35,513,8.42,531,8.07,468,-1.26,544,-1.44,533,0.19,234,-0.84,484,0.29,170,10.81,529
2416,Harbour,North Down,22.25,229,24.34,321,17.13,86,-0.71,474,-0.72,447,-1.42,542,1.51,18,0.35,24,40.56,253
2417,Holywood Demesne,North Down,4.84,521,15.55,452,7.15,494,-0.46,420,-1.14,510,-0.77,468,-0.86,490,0.26,283,27.68,398
2418,Holywood Priory,North Down,4.75,524,6.80,546,6.96,507,-1.23,540,-1.85,553,-0.33,346,-0.61,432,0.32,77,6.98,550
2419,Loughview,North Down,15.42,337,24.39,318,9.92,404,-0.01,281,0.74,110,-0.05,273,-0.79,469,0.24,376,41.43,241
2420,Princetown,North Down,3.79,537,7.41,541,7.46,487,-1.44,555,-2.63,566,-0.30,335,-0.81,471,0.28,200,4.41,563
2421,Rathgael,North Down,3.70,538,12.01,495,6.78,520,-1.33,547,-0.51,403,-1.00,506,-0.55,421,0.25,346,20.14,457
2422,Silverstream,North Down,12.81,388,21.64,364,11.99,290,-0.48,429,0.44,185,-0.81,478,-0.56,422,0.27,225,35.62,308
2423,Spring Hill,North Down,2.67,555,6.35,552,5.62,548,-1.57,561,-1.29,521,-0.32,339,-1.53,564,0.26,274,11.44,522
2424,Whitehill,North Down,25.86,175,33.50,182,14.39,172,0.19,208,1.07,66,-0.91,495,0.01,278,0.28,213,60.23,98
2501,Beragh,Omagh,17.87,291,27.73,261,13.17,238,0.04,266,-0.54,408,0.88,97,-0.55,419,0.25,330,37.73,289
2502,Camowen,Omagh,26.83,165,33.72,179,14.61,162,0.87,65,-0.60,423,-0.35,352,0.47,150,0.33,57,53.37,138
2503,Clanabogan,Omagh,15.91,327,21.73,360,13.34,227,-0.18,347,-0.72,448,0.75,118,-0.86,491,0.31,93,23.82,428
2504,Coolnagard,Omagh,13.95,367,26.43,282,13.37,226,-0.19,348,-0.41,376,-0.41,370,-0.71,451,0.24,357,33.80,333
2505,Dergmoney,Omagh,22.33,226,23.88,328,16.86,91,0.47,135,-1.24,517,-0.79,474,1.25,44,0.25,308,29.85,380
2506,Dromore,Omagh,32.72,114,38.54,118,16.30,97,0.67,96,-0.07,301,0.89,92,-0.04,285,0.28,203,50.53,159
2507,Drumnakilly,Omagh,28.11,152,34.90,160,15.51,130,0.22,197,0.18,232,1.04,66,-0.88,494,0.28,192,43.48,221
2508,Drumquin,Omagh,32.65,115,35.36,153,16.10,104,0.34,166,0.54,159,1.26,39,-0.70,450,0.29,181,48.48,175
2509,Drumragh,Omagh,17.78,292,15.81,448,15.88,112,0.27,179,-0.97,489,-0.12,284,-0.84,481,0.28,191,17.51,480
2510,Fairy Water,Omagh,12.16,400,17.91,424,11.71,307,-0.42,406,-0.99,491,0.76,116,-0.97,507,0.30,121,21.45,445
2511,Fintona,Omagh,46.08,44,44.06,73,19.82,33,1.03,48,0.50,169,0.44,184,1.32,33,0.29,150,54.14,133
2512,Gortin,Omagh,17.02,307,22.70,349,11.44,327,-0.17,342,-0.02,285,0.86,99,-0.53,413,0.33,42,23.62,430
2513,Gortrush,Omagh,30.85,130,39.30,110,15.38,135,0.66,97,0.13,245,-0.44,382,0.41,161,0.33,55,52.90,146
2514,Killyclogher,Omagh,16.52,319,31.92,195,11.61,315,-0.55,436,0.12,250,-0.25,319,-0.07,291,0.29,157,42.41,231
2515,Lisanelly,Omagh,29.07,145,39.86,103,13.74,209,0.32,169,1.02,73,-0.59,426,0.78,100,0.23,391,61.10,90
2516,Newtownsaville,Omagh,25.99,173,29.87,232,14.60,165,0.53,116,-0.55,412,1.13,54,-0.81,473,0.32,78,35.29,312
2517,Owenkillew,Omagh,38.86,73,40.87,99,18.17,55,-0.09,314,0.28,212,1.83,6,-0.75,456,0.31,106,50.91,158
2518,Sixmilecross,Omagh,35.33,96,38.35,120,16.18,100,0.76,83,-0.49,399,1.36,26,-0.65,439,0.32,62,45.28,205
2519,Strule,Omagh,15.19,341,23.52,337,11.85,301,0.13,226,-0.07,299,-0.33,345,0.39,164,0.26,268,38.30,279
2520,Termon,Omagh,46.97,39,43.45,77,21.78,14,0.88,62,-0.18,328,1.34,30,-1.26,544,0.28,209,48.06,180
2521,Trillick,Omagh,25.94,174,36.64,140,13.62,215,0.07,256,-0.45,386,1.15,53,-0.76,462,0.34,30,48.32,178
2601,Artigarvan,Strabane,27.39,160,31.05,212,17.07,87,0.06,257,-0.19,334,0.83,103,0.22,211,0.31,94,42.77,229
2602,Castlederg,Strabane,49.71,34,54.24,22,19.59,35,0.74,88,0.64,137,0.50,177,0.93,74,0.29,158,72.03,39
2603,Clare,Strabane,38.86,72,39.30,109,17.58,69,0.57,110,0.66,132,1.27,35,-0.69,447,0.28,185,48.45,176
2604,Dunnamanagh,Strabane,37.77,83,39.00,115,16.01,108,0.30,174,0.75,108,1.45,18,0.27,195,0.30,141,53.17,143
2605,East,Strabane,56.52,21,59.58,13,20.13,31,0.93,51,1.41,36,-0.64,434,1.38,24,0.23,381,79.10,18
2606,Finn,Strabane,25.44,180,31.27,206,13.55,219,0.23,192,0.49,172,0.89,93,-0.39,376,0.32,80,44.16,213
2607,Glenderg,Strabane,43.45,57,45.16,66,17.51,73,0.40,149,0.44,186,2.08,3,-0.55,416,0.32,85,60.88,92
2608,Newtownstewart,Strabane,38.52,77,41.01,98,17.19,83,0.29,176,0.63,141,0.76,117,0.92,75,0.36,18,58.91,104
2609,North,Strabane,25.04,188,29.91,230,15.83,118,0.16,217,-0.66,435,-0.15,294,1.79,7,0.28,196,39.24,266
2610,Plumbridge,Strabane,36.10,92,35.62,149,15.18,138,-0.01,280,0.81,100,1.84,5,-0.44,389,0.34,35,50.47,160
2611,Sion Mills,Strabane,38.04,80,37.32,132,17.96,59,0.22,196,1.13,60,0.37,202,0.20,222,0.34,37,54.41,127
2612,Slievekirk,Strabane,26.67,167,28.03,255,15.43,132,0.08,248,0.10,252,1.23,43,0.18,227,0.30,118,41.73,238
2613,South,Strabane,34.92,98,48.23,46,16.31,96,0.13,230,0.84,94,-0.73,457,0.49,148,0.21,477,66.72,62
2614,Victoria Bridge,Strabane,35.53,94,33.82,177,18.76,46,-0.16,341,0.46,179,1.06,64,0.13,236,0.36,15,47.05,188
2615,West,Strabane,37.68,85,46.55,59,17.34,75,0.57,108,0.89,90,-0.45,383,0.34,179,0.19,533,62.48,83